id,road_type,num_lanes,curvature,speed_limit,lighting,weather,road_signs_present,public_road,time_of_day,holiday,school_season,num_reported_accidents,accident_risk
0,urban,2,0.06,35,daylight,rainy,False,True,afternoon,False,True,1,0.13
1,urban,4,0.99,35,daylight,clear,True,False,evening,True,True,0,0.35
2,rural,4,0.63,70,dim,clear,False,True,morning,True,False,2,0.3
3,highway,4,0.07,35,dim,rainy,True,True,morning,False,False,1,0.21
4,rural,1,0.58,60,daylight,foggy,False,False,evening,True,False,1,0.56
5,highway,3,0.54,70,night,foggy,True,False,morning,False,True,0,0.61
6,highway,1,0.04,45,night,foggy,False,True,morning,True,False,2,0.2
7,highway,2,0.33,45,daylight,clear,False,True,evening,False,True,0,0.16
8,rural,3,0.63,25,dim,clear,True,False,evening,True,True,2,0.18
9,urban,4,0.38,45,dim,clear,True,True,afternoon,True,True,2,0.15
10,highway,1,0.45,45,dim,clear,False,False,afternoon,True,False,2,0.06
11,highway,4,0.26,60,daylight,foggy,True,False,evening,False,False,0,0.32
12,urban,4,0.84,25,dim,rainy,True,True,morning,False,True,2,0.37
13,rural,4,0.14,60,daylight,foggy,True,True,evening,True,True,1,0.28
14,highway,3,0.08,45,dim,foggy,False,False,evening,True,False,1,0.17
15,urban,1,0.52,60,daylight,clear,False,True,afternoon,True,False,1,0.39
16,highway,3,0.35,35,daylight,foggy,False,False,evening,True,True,1,0.23
17,rural,4,0.68,35,night,clear,False,True,morning,True,False,3,0.51
18,rural,3,0.72,60,night,foggy,True,True,afternoon,True,True,0,0.63
19,highway,2,0.86,70,night,clear,False,False,evening,False,False,3,0.79
20,highway,2,0.06,60,dim,clear,False,True,afternoon,False,False,1,0.34
21,highway,1,0.17,45,daylight,foggy,False,False,evening,True,True,2,0.17
22,rural,2,0.16,35,night,foggy,True,False,morning,False,False,1,0.29
23,urban,1,0.41,60,night,foggy,True,False,afternoon,True,False,0,0.68
24,highway,2,0.45,25,dim,foggy,True,True,morning,False,False,0,0.35
25,highway,1,0.49,70,daylight,foggy,True,True,evening,False,False,1,0.4
26,rural,4,0.39,70,dim,clear,False,False,evening,True,True,2,0.24
27,rural,3,0.7,60,daylight,rainy,False,False,morning,True,False,1,0.51
28,urban,3,0.12,25,night,foggy,True,True,morning,False,False,2,0.33
29,highway,2,0.63,70,daylight,foggy,False,False,morning,False,False,1,0.41
30,highway,2,0.95,45,daylight,foggy,True,False,evening,True,True,2,0.38
31,rural,1,0.01,60,dim,clear,False,False,evening,False,True,1,0.0
32,highway,1,0.45,35,night,foggy,True,False,morning,True,True,2,0.47
33,urban,3,0.1,45,night,rainy,True,True,morning,False,True,1,0.28
34,highway,1,0.24,70,daylight,clear,True,False,evening,False,False,1,0.28
35,highway,3,0.56,35,daylight,rainy,False,True,afternoon,False,False,1,0.29
36,rural,1,0.53,45,daylight,foggy,True,True,morning,True,True,1,0.31
37,rural,1,0.29,25,dim,rainy,False,True,afternoon,True,False,2,0.18
38,highway,3,0.52,45,daylight,rainy,False,True,evening,True,True,1,0.26
39,urban,3,0.35,25,daylight,rainy,False,False,morning,False,True,2,0.19
40,highway,1,0.39,70,dim,clear,False,True,morning,True,False,1,0.44
41,urban,2,0.73,70,daylight,clear,False,False,afternoon,False,True,0,0.49
42,urban,3,0.67,70,night,foggy,False,True,evening,False,True,0,0.73
43,highway,2,0.04,45,dim,rainy,True,True,evening,False,True,0,0.07
44,urban,1,0.6,45,night,clear,True,True,afternoon,False,False,3,0.57
45,highway,2,0.54,60,night,clear,False,True,morning,True,True,1,0.63
46,urban,1,0.01,35,night,clear,True,False,afternoon,True,False,0,0.0
47,rural,4,0.57,70,daylight,clear,True,True,morning,True,True,0,0.35
48,rural,1,0.54,70,dim,foggy,False,True,afternoon,False,False,1,0.48
49,highway,1,0.57,35,daylight,foggy,False,True,evening,False,False,2,0.34
50,highway,2,0.42,25,dim,clear,False,False,evening,False,False,0,0.12
51,highway,1,0.7,60,night,foggy,False,True,afternoon,False,False,1,0.68
52,highway,1,0.17,25,night,rainy,False,False,morning,True,False,0,0.2
53,rural,1,0.58,45,daylight,foggy,False,True,evening,False,True,0,0.3
54,rural,4,0.26,60,night,clear,True,True,afternoon,False,False,0,0.39
55,rural,3,0.75,60,night,clear,True,True,evening,False,False,1,0.5
56,rural,1,0.61,25,dim,rainy,False,True,evening,False,False,0,0.24
57,urban,3,0.98,60,dim,clear,False,False,afternoon,True,False,2,0.52
58,rural,3,0.05,25,night,rainy,True,False,afternoon,False,False,2,0.25
59,urban,4,0.44,70,daylight,rainy,False,False,afternoon,True,False,2,0.44
60,rural,2,0.3907,70,dim,foggy,True,False,afternoon,False,True,1,0.39
61,rural,2,0.08,60,dim,foggy,True,True,morning,True,False,1,0.37
62,urban,3,0.31,60,daylight,foggy,False,False,evening,False,True,2,0.31
63,highway,3,0.38,70,night,foggy,True,False,evening,False,False,2,0.6
64,highway,1,0.06,35,night,clear,True,False,morning,False,False,2,0.28
65,urban,1,0.83,70,daylight,clear,True,True,evening,False,False,1,0.37
66,highway,2,0.72,60,night,rainy,False,False,afternoon,True,False,0,0.73
67,highway,3,0.46,25,daylight,clear,True,True,morning,False,False,0,0.11
68,urban,4,0.23,25,night,clear,True,False,afternoon,False,True,0,0.25
69,highway,1,0.46,35,daylight,clear,True,True,evening,False,True,1,0.16
70,rural,1,0.87,45,dim,clear,True,True,evening,False,True,1,0.31
71,highway,1,0.1,35,dim,rainy,False,True,morning,True,True,1,0.16
72,highway,2,0.63,35,dim,rainy,False,False,afternoon,False,False,1,0.31
73,highway,1,0.83,45,night,rainy,True,False,morning,True,False,1,0.58
74,urban,1,0.49,45,night,rainy,True,False,afternoon,False,True,0,0.46
75,urban,3,0.29,70,dim,foggy,True,True,afternoon,False,False,0,0.32
76,rural,4,0.16,70,night,foggy,True,False,evening,False,True,1,0.59
77,highway,1,0.32,60,daylight,clear,True,True,afternoon,True,False,0,0.32
78,urban,4,0.1,60,dim,clear,True,True,afternoon,True,False,1,0.22
79,highway,4,0.55,25,daylight,foggy,True,False,evening,False,False,3,0.41
80,highway,2,0.65,45,daylight,foggy,True,True,afternoon,True,False,1,0.3
81,rural,4,0.03,35,dim,rainy,True,False,afternoon,True,True,1,0.16
82,highway,4,0.84,25,dim,rainy,False,True,morning,True,False,1,0.39
83,rural,1,0.66,60,night,clear,True,False,evening,False,True,2,0.6
84,rural,3,0.87,25,dim,clear,True,False,evening,True,True,1,0.36
85,highway,4,0.37,70,night,clear,False,True,afternoon,True,False,1,0.59
86,highway,1,0.29,25,dim,clear,True,False,afternoon,True,False,2,0.12
87,urban,1,0.57,25,night,rainy,True,False,afternoon,True,True,0,0.44
88,rural,2,0.46,45,dim,clear,False,False,afternoon,False,False,2,0.19
89,rural,2,0.09,70,dim,clear,False,False,morning,True,True,2,0.21
90,rural,4,0.13,70,dim,foggy,False,False,morning,True,False,2,0.31
91,highway,2,0.13,70,daylight,rainy,True,False,morning,True,True,2,0.37
92,highway,3,0.05,60,dim,clear,False,False,afternoon,False,True,0,0.25
93,urban,1,0.55,35,daylight,clear,True,False,afternoon,True,False,0,0.16
94,highway,2,0.76,45,dim,foggy,True,True,evening,True,False,1,0.37
95,highway,3,0.09,25,night,foggy,False,True,evening,False,True,0,0.37
96,urban,2,0.53,25,night,rainy,True,False,morning,False,True,2,0.48
97,rural,1,0.28,70,daylight,rainy,False,False,afternoon,True,True,0,0.4
98,rural,1,0.67,60,daylight,clear,False,False,evening,True,True,0,0.42
99,highway,3,1.0,60,daylight,clear,False,True,afternoon,False,False,0,0.51
100,rural,2,0.43,60,daylight,rainy,True,True,afternoon,True,False,0,0.43
101,highway,4,0.9,60,night,rainy,False,False,evening,True,False,4,0.84
102,highway,4,0.41,35,night,foggy,True,True,evening,True,False,0,0.47
103,urban,1,0.34,35,daylight,foggy,False,False,afternoon,False,True,0,0.22
104,rural,2,0.52,70,daylight,rainy,True,True,evening,True,False,3,0.5
105,urban,1,0.02,60,night,clear,False,True,afternoon,True,True,1,0.45
106,rural,3,0.37,45,night,rainy,True,True,morning,True,True,2,0.42
107,highway,2,0.08,35,dim,foggy,False,False,afternoon,True,False,2,0.15
108,highway,3,0.16,25,dim,clear,False,False,afternoon,False,False,1,0.12
109,urban,4,0.03,60,daylight,rainy,False,True,morning,False,True,2,0.28
110,rural,3,0.53,25,daylight,clear,False,True,morning,False,True,2,0.21
111,rural,2,0.75,35,night,rainy,False,True,evening,True,False,1,0.64
112,highway,4,0.34,70,dim,rainy,True,False,afternoon,True,True,1,0.43
113,highway,1,0.75,70,night,foggy,False,True,afternoon,False,False,2,0.84
114,urban,1,0.33,60,dim,rainy,True,False,afternoon,True,True,2,0.32
115,urban,4,0.64,35,daylight,rainy,False,True,afternoon,True,False,0,0.39
116,highway,1,0.14,60,dim,rainy,False,False,afternoon,False,True,2,0.34
117,highway,3,0.75,70,dim,foggy,True,False,evening,False,False,0,0.6
118,rural,3,0.79,35,night,clear,True,True,morning,False,False,1,0.48
119,highway,4,0.63,35,dim,rainy,False,True,evening,False,False,2,0.27
120,highway,1,0.37,25,night,rainy,False,True,morning,False,True,2,0.29
121,urban,2,0.65,60,daylight,rainy,False,True,morning,True,True,1,0.54
122,highway,2,0.63,35,daylight,foggy,True,False,afternoon,False,False,1,0.31
123,urban,2,0.47,35,night,clear,False,False,afternoon,True,False,0,0.25
124,rural,1,0.08,45,daylight,rainy,False,False,morning,True,True,1,0.15
125,highway,2,0.55,25,night,rainy,True,True,afternoon,True,False,0,0.45
126,urban,4,0.05,60,daylight,clear,False,True,afternoon,False,True,0,0.25
127,rural,2,0.7,35,daylight,rainy,False,True,evening,True,False,1,0.39
128,rural,4,0.44,45,dim,rainy,False,True,morning,True,True,0,0.29
129,rural,4,0.04,45,night,clear,False,False,evening,False,True,1,0.26
130,rural,3,0.01,70,daylight,rainy,False,False,evening,True,False,0,0.25
131,highway,3,0.47,45,daylight,clear,False,False,morning,True,True,1,0.14
132,urban,3,0.71,35,night,rainy,False,True,afternoon,True,True,1,0.41
133,rural,2,0.14,60,daylight,clear,True,True,morning,False,True,1,0.19
134,urban,2,0.36,35,night,foggy,False,True,afternoon,False,False,0,0.38
135,rural,3,0.7,45,night,rainy,False,True,morning,False,False,3,0.6
136,highway,4,0.46,60,daylight,clear,True,True,afternoon,False,True,1,0.27
137,urban,1,0.99,25,daylight,rainy,False,True,morning,False,True,1,0.34
138,urban,4,0.01,70,dim,foggy,False,True,morning,False,False,0,0.28
139,rural,1,0.55,60,dim,foggy,False,False,evening,False,False,1,0.53
140,rural,1,0.53,60,night,foggy,False,True,morning,True,True,0,0.63
141,urban,1,0.78,45,dim,rainy,False,True,evening,True,True,2,0.44
142,rural,1,0.1,35,night,rainy,True,True,afternoon,True,False,1,0.25
143,urban,3,0.82,25,daylight,foggy,True,False,morning,True,False,2,0.42
144,urban,4,0.16,45,night,clear,True,True,morning,True,True,2,0.27
145,rural,4,0.7,45,dim,foggy,False,False,evening,True,True,0,0.38
146,highway,4,0.66,70,night,foggy,False,False,evening,True,True,2,0.77
147,urban,4,0.7,60,daylight,rainy,True,False,evening,False,True,3,0.56
148,highway,1,0.18,25,night,clear,False,False,morning,False,True,2,0.36
149,highway,2,0.14,60,dim,clear,True,True,morning,True,False,2,0.24
150,urban,3,0.38,25,dim,foggy,True,True,morning,True,False,1,0.27
151,highway,1,0.43,25,dim,rainy,True,True,evening,False,True,1,0.22
152,highway,4,0.83,60,night,foggy,False,False,evening,False,False,1,0.68
153,rural,2,0.61,35,dim,clear,True,False,afternoon,True,False,2,0.13
154,rural,2,0.57,45,dim,clear,False,True,morning,True,True,1,0.12
155,rural,1,0.29,35,dim,clear,True,False,evening,True,False,1,0.05
156,rural,1,0.81,70,dim,foggy,True,False,afternoon,False,False,2,0.53
157,rural,4,0.25,35,night,rainy,False,False,morning,False,False,0,0.34
158,highway,3,0.53,70,night,foggy,False,True,afternoon,True,False,0,0.69
159,urban,2,0.65,45,dim,rainy,True,False,afternoon,False,False,2,0.31
160,urban,3,0.45,60,daylight,clear,True,True,evening,False,False,1,0.29
161,rural,4,0.57,25,night,rainy,True,True,evening,False,True,3,0.59
162,urban,2,0.66,70,night,clear,True,True,morning,False,True,0,0.64
163,highway,2,0.79,70,daylight,clear,True,False,evening,True,True,3,0.54
164,rural,4,0.17,70,night,foggy,False,True,morning,False,False,1,0.64
165,highway,3,0.55,45,dim,foggy,False,True,evening,True,False,1,0.26
166,urban,2,0.71,45,night,clear,False,True,evening,True,True,3,0.49
167,highway,2,0.38,35,daylight,rainy,True,False,evening,False,True,1,0.16
168,urban,2,0.02,45,night,clear,False,True,morning,False,False,2,0.23
169,urban,1,0.72,70,dim,clear,True,False,morning,True,False,2,0.46
170,rural,2,0.39,25,night,rainy,True,True,evening,True,True,1,0.34
171,urban,4,0.57,35,daylight,foggy,False,False,evening,True,False,1,0.3
172,urban,2,0.15,45,daylight,foggy,True,True,evening,False,False,2,0.21
173,urban,2,0.12,70,dim,rainy,True,True,evening,False,False,1,0.38
174,urban,4,0.43,60,dim,clear,True,False,morning,False,False,0,0.33
175,urban,2,0.15,35,night,clear,True,False,evening,True,False,3,0.1
176,rural,3,0.53,70,dim,foggy,True,False,morning,False,True,1,0.49
177,rural,4,0.75,70,daylight,clear,True,True,evening,True,False,0,0.44
178,highway,2,0.83,70,night,foggy,False,True,evening,False,True,4,0.8
179,rural,3,0.61,70,dim,foggy,False,True,morning,True,True,1,0.51
180,urban,4,0.9,60,night,foggy,True,True,morning,True,False,0,0.73
181,highway,2,0.34,45,daylight,clear,False,False,morning,True,False,1,0.17
182,urban,4,0.39,70,dim,foggy,True,False,evening,False,True,1,0.47
183,urban,4,0.07,45,night,rainy,False,True,morning,False,False,1,0.39
184,urban,1,0.39,45,night,rainy,True,False,afternoon,False,False,2,0.43
185,highway,2,0.07,25,dim,foggy,True,False,morning,False,True,0,0.13
186,highway,1,0.75,45,daylight,foggy,False,True,afternoon,True,False,2,0.4
187,rural,1,0.79,60,dim,foggy,False,False,evening,False,False,0,0.56
188,urban,2,0.1,45,daylight,foggy,True,True,afternoon,False,False,1,0.16
189,urban,1,0.58,45,night,clear,False,True,morning,True,True,1,0.4
190,urban,3,0.1,60,dim,rainy,True,True,afternoon,True,False,1,0.39
191,urban,1,0.44,45,daylight,rainy,True,True,evening,True,True,2,0.21
192,highway,4,0.53,60,dim,foggy,True,False,afternoon,True,True,2,0.55
193,rural,3,0.79,45,night,clear,False,False,morning,False,True,1,0.48
194,urban,3,0.49,70,daylight,rainy,True,True,afternoon,True,False,1,0.45
195,rural,2,0.22,45,night,clear,True,False,evening,False,True,2,0.3
196,urban,1,0.65,70,daylight,foggy,True,False,morning,False,False,1,0.5
197,urban,2,0.85,35,daylight,rainy,True,False,afternoon,True,False,1,0.3
198,highway,1,0.44,70,dim,rainy,True,False,evening,False,True,1,0.45
199,urban,4,0.81,70,dim,foggy,False,True,evening,True,False,1,0.48
200,urban,1,0.39,45,night,clear,True,False,afternoon,False,True,0,0.2
201,highway,2,0.08,45,night,foggy,False,True,afternoon,False,False,2,0.37
202,highway,4,0.59,60,night,foggy,True,False,evening,False,True,2,0.64
203,rural,3,0.53,60,night,rainy,True,True,afternoon,True,False,1,0.63
204,highway,3,0.71,35,daylight,clear,False,False,morning,True,False,0,0.17
205,highway,2,0.21,35,night,foggy,True,True,evening,True,False,1,0.32
206,rural,2,0.41,35,night,foggy,True,True,morning,False,False,2,0.41
207,urban,2,0.52,25,dim,clear,False,False,afternoon,False,False,2,0.23
208,urban,1,0.02,60,dim,rainy,False,True,morning,False,False,1,0.28
209,urban,2,0.5,35,dim,foggy,False,True,morning,True,False,1,0.27
210,highway,2,0.26,45,night,rainy,False,False,afternoon,False,True,1,0.29
211,rural,1,0.81,60,dim,foggy,False,False,evening,True,True,0,0.5
212,highway,1,0.45,60,daylight,clear,False,True,afternoon,True,False,1,0.45
213,urban,1,0.63,45,daylight,foggy,False,False,morning,False,False,2,0.25
214,rural,2,0.03,45,night,rainy,True,True,afternoon,True,True,2,0.19
215,rural,4,0.31,25,daylight,clear,False,False,morning,True,False,2,0.08
216,highway,4,0.16,25,dim,foggy,False,False,morning,True,True,0,0.16
217,highway,2,0.51,25,daylight,rainy,False,False,morning,False,True,2,0.22
218,rural,2,0.73,45,dim,rainy,False,True,morning,True,False,1,0.4
219,urban,4,0.12,35,night,foggy,False,False,evening,True,False,1,0.33
220,rural,2,0.35,70,daylight,clear,False,True,morning,True,True,1,0.39
221,highway,4,0.1,25,dim,foggy,True,True,evening,True,False,0,0.04
222,rural,3,0.92,25,daylight,clear,False,False,afternoon,False,False,1,0.31
223,urban,1,0.02,70,dim,foggy,False,True,afternoon,False,True,1,0.35
224,rural,4,0.18,70,dim,clear,False,True,afternoon,True,True,1,0.24
225,highway,1,0.47,45,night,foggy,False,False,afternoon,False,True,2,0.45
226,rural,1,0.36,25,daylight,rainy,True,False,afternoon,False,True,0,0.29
227,rural,4,0.06,35,dim,foggy,True,False,afternoon,False,True,2,0.13
228,highway,4,0.56,60,daylight,clear,False,True,afternoon,False,False,1,0.41
229,rural,4,0.28,25,dim,clear,True,True,evening,False,False,2,0.09
230,urban,3,0.68,60,night,clear,False,False,evening,False,False,1,0.55
231,urban,4,0.49,45,night,clear,True,False,evening,False,False,1,0.41
232,highway,2,0.52,25,dim,clear,True,True,morning,False,True,0,0.17
233,rural,3,0.37,60,dim,clear,False,False,evening,False,False,1,0.41
234,highway,1,0.02,45,night,rainy,False,False,morning,True,True,2,0.35
235,rural,2,0.25,60,dim,rainy,False,False,afternoon,False,True,2,0.39
236,urban,3,0.77,35,daylight,foggy,True,True,evening,False,False,2,0.42
237,highway,1,0.95,45,daylight,foggy,True,True,evening,True,False,0,0.52
238,urban,2,0.74,25,night,foggy,False,True,evening,True,True,1,0.5
239,rural,3,0.29,60,dim,rainy,True,True,afternoon,False,False,0,0.38
240,highway,1,0.55,60,night,clear,True,True,evening,True,True,1,0.52
241,highway,4,0.27,45,night,rainy,False,True,afternoon,False,False,0,0.39
242,rural,2,0.2,45,dim,rainy,False,True,morning,True,False,0,0.02
243,urban,4,0.62,25,dim,rainy,False,False,evening,True,True,3,0.38
244,rural,4,0.98,45,dim,rainy,True,False,afternoon,True,False,3,0.49
245,highway,4,0.19,60,daylight,clear,True,True,morning,False,True,0,0.28
246,highway,2,0.56,35,night,foggy,True,True,morning,True,False,1,0.45
247,rural,2,0.04,45,night,clear,True,False,morning,True,False,1,0.27
248,rural,3,0.75,70,daylight,foggy,True,False,afternoon,True,True,3,0.56
249,urban,1,0.95,25,daylight,foggy,True,True,evening,True,False,1,0.34
250,urban,3,0.92,35,night,clear,False,True,evening,True,True,0,0.52
251,rural,3,0.31,35,night,clear,False,False,afternoon,False,False,1,0.29
252,highway,2,0.56,45,dim,foggy,False,False,evening,True,False,2,0.27
253,rural,1,0.36,35,daylight,clear,False,False,morning,True,False,1,0.09
254,urban,4,0.59,60,night,rainy,False,False,afternoon,False,True,3,0.78
255,rural,4,0.21,60,dim,foggy,True,True,morning,True,False,2,0.31
256,highway,3,0.52,25,daylight,foggy,True,False,evening,True,True,1,0.37
257,urban,1,0.71,35,night,rainy,False,True,morning,True,True,1,0.5
258,rural,1,0.41,25,daylight,clear,True,True,morning,True,True,1,0.22
259,highway,2,0.99,35,dim,clear,True,False,morning,False,False,0,0.34
260,rural,3,0.9,70,daylight,foggy,False,True,morning,True,True,1,0.61
261,urban,2,0.17,35,daylight,rainy,True,False,evening,False,False,2,0.16
262,highway,3,0.58,70,dim,clear,False,True,evening,False,False,1,0.39
263,rural,1,0.66,60,night,rainy,True,True,afternoon,True,False,1,0.81
264,urban,3,0.58,70,daylight,clear,False,True,afternoon,False,False,0,0.44
265,highway,2,0.27,25,night,clear,False,True,afternoon,False,True,0,0.22
266,rural,2,0.51,70,dim,clear,False,False,evening,True,True,1,0.43
267,rural,2,0.25,45,night,rainy,True,False,afternoon,True,True,0,0.42
268,urban,3,0.25,25,dim,foggy,False,False,evening,True,True,1,0.13
269,highway,2,0.78,35,daylight,rainy,False,True,morning,False,False,2,0.38
270,highway,2,0.25,25,night,clear,False,True,afternoon,False,False,0,0.2
271,urban,2,0.77,35,night,clear,True,False,afternoon,True,False,1,0.45
272,rural,4,0.52,45,daylight,rainy,False,False,morning,False,True,2,0.33
273,urban,4,0.08,45,night,foggy,False,True,morning,False,False,2,0.32
274,urban,1,0.47,25,dim,rainy,True,True,morning,True,True,1,0.28
275,urban,1,0.33,25,night,foggy,False,True,morning,False,True,1,0.47
276,urban,3,0.8,45,dim,foggy,True,True,afternoon,False,False,0,0.39
277,urban,3,0.59,45,dim,clear,True,True,evening,True,False,1,0.19
278,highway,2,0.57,70,daylight,foggy,True,False,afternoon,True,True,1,0.47
279,urban,3,0.49,35,dim,clear,False,False,afternoon,False,False,0,0.09
280,highway,2,0.49,45,daylight,clear,True,True,afternoon,False,False,0,0.13
281,highway,1,0.21,70,daylight,clear,False,True,morning,False,False,2,0.26
282,urban,2,0.66,45,daylight,rainy,True,False,evening,True,True,2,0.38
283,urban,2,0.09,45,dim,clear,True,True,afternoon,False,True,2,0.18
284,urban,4,0.2,45,night,clear,False,False,afternoon,True,True,0,0.22
285,urban,2,0.57,35,daylight,rainy,True,True,evening,False,False,3,0.47
286,rural,3,0.66,25,dim,clear,False,True,evening,True,False,2,0.16
287,rural,4,0.41,35,daylight,rainy,True,True,afternoon,True,True,1,0.23
288,rural,4,0.77,45,night,clear,True,True,evening,True,True,2,0.45
289,rural,4,0.85,45,dim,clear,True,True,morning,False,True,1,0.33
290,highway,1,0.88,60,dim,rainy,False,False,evening,False,True,3,0.69
291,highway,4,0.86,35,daylight,foggy,True,True,morning,True,False,1,0.35
292,urban,1,0.82,45,dim,clear,False,True,morning,False,False,2,0.21
293,highway,1,0.33,70,dim,clear,False,False,morning,True,True,0,0.34
294,rural,1,0.87,60,dim,rainy,False,True,evening,True,True,2,0.58
295,rural,3,0.86,60,daylight,foggy,True,False,evening,True,False,3,0.55
296,rural,2,0.81,70,night,clear,False,False,afternoon,True,True,3,0.71
297,highway,1,0.32,45,dim,rainy,False,True,morning,False,True,1,0.18
298,highway,2,0.73,25,night,foggy,True,False,morning,False,True,1,0.42
299,highway,2,0.79,60,night,rainy,True,True,morning,False,True,1,0.69
300,rural,4,0.83,60,dim,clear,True,True,evening,True,True,2,0.47
301,highway,1,0.05,25,daylight,foggy,True,False,morning,False,True,0,0.13
302,highway,2,0.61,60,daylight,clear,True,False,morning,True,True,1,0.39
303,highway,3,0.59,60,dim,clear,True,False,morning,True,False,0,0.48
304,rural,1,0.43,45,dim,clear,True,True,evening,False,False,0,0.21
305,urban,2,0.52,35,daylight,foggy,True,True,afternoon,True,False,0,0.22
306,rural,1,0.52,70,daylight,foggy,False,True,evening,False,False,1,0.49
307,highway,1,0.1,45,daylight,clear,False,True,morning,True,False,1,0.06
308,rural,3,0.54,45,dim,clear,False,True,evening,False,False,0,0.16
309,rural,1,0.86,45,daylight,clear,False,False,afternoon,False,False,1,0.32
310,highway,3,0.26,60,daylight,rainy,True,True,morning,False,True,0,0.39
311,rural,3,0.66,35,dim,foggy,True,False,afternoon,True,True,1,0.29
312,urban,3,0.66,45,night,clear,True,False,afternoon,False,False,1,0.42
313,urban,2,0.1,70,night,clear,False,True,evening,False,True,2,0.47
314,rural,1,0.03,25,dim,rainy,False,False,evening,False,False,1,0.13
315,highway,4,0.73,60,night,rainy,False,True,evening,True,False,3,0.92
316,urban,3,0.57,70,night,clear,True,True,afternoon,False,True,0,0.45
317,urban,2,0.96,35,dim,foggy,True,False,morning,True,True,1,0.47
318,urban,4,0.21,70,night,rainy,False,False,afternoon,False,True,0,0.47
319,urban,1,0.41,60,night,clear,False,False,afternoon,True,False,2,0.36
320,rural,1,0.43,25,night,rainy,False,True,evening,False,False,0,0.42
321,rural,3,0.13,45,dim,rainy,False,True,morning,False,True,2,0.09
322,rural,3,0.37,70,dim,foggy,True,True,morning,False,False,1,0.34
323,rural,1,0.45,45,dim,clear,True,False,morning,True,False,2,0.17
324,urban,4,0.11,35,night,foggy,False,False,morning,False,True,0,0.37
325,highway,3,0.78,70,daylight,clear,True,True,morning,True,True,1,0.44
326,highway,3,0.24,45,daylight,clear,False,False,morning,True,False,2,0.04
327,urban,2,0.73,60,daylight,foggy,True,False,evening,True,False,1,0.6
328,rural,3,0.69,25,night,rainy,True,False,morning,True,False,0,0.49
329,highway,4,0.92,60,daylight,foggy,True,False,evening,True,False,1,0.62
330,rural,2,0.45,70,daylight,foggy,False,False,afternoon,True,False,1,0.39
331,rural,2,0.67,60,daylight,clear,True,True,morning,True,False,1,0.3
332,urban,1,0.66,60,dim,rainy,False,True,afternoon,True,False,1,0.47
333,rural,4,0.27,70,dim,foggy,True,False,afternoon,True,True,2,0.34
334,urban,4,0.98,25,daylight,foggy,True,True,evening,False,True,3,0.51
335,rural,1,0.83,35,night,clear,True,False,evening,False,False,0,0.63
336,urban,2,0.49,45,night,rainy,False,True,evening,False,False,2,0.39
337,rural,4,0.08,35,night,rainy,False,True,afternoon,False,True,2,0.41
338,highway,4,0.59,35,night,clear,True,False,afternoon,True,False,3,0.48
339,highway,1,0.7,45,night,clear,False,False,morning,False,True,1,0.43
340,rural,3,0.65,45,night,clear,False,True,morning,True,True,3,0.51
341,highway,3,0.47,70,dim,rainy,False,True,morning,True,True,1,0.47
342,urban,4,0.8,25,daylight,foggy,False,True,afternoon,False,False,0,0.41
343,highway,1,0.44,60,daylight,rainy,True,False,afternoon,False,True,2,0.43
344,rural,1,0.34,70,dim,foggy,True,False,evening,False,False,1,0.3
345,highway,1,0.18,35,dim,clear,False,False,morning,False,True,2,0.07
346,highway,1,0.52,35,dim,foggy,True,True,morning,False,True,2,0.34
347,highway,3,0.23,60,dim,rainy,False,True,morning,False,False,1,0.34
348,urban,2,0.38,35,dim,foggy,True,False,morning,True,True,2,0.19
349,highway,2,0.52,35,night,foggy,True,True,afternoon,True,False,3,0.49
350,urban,1,0.25,35,night,foggy,True,True,evening,False,False,1,0.2
351,rural,3,0.77,60,daylight,foggy,False,True,afternoon,True,True,2,0.58
352,rural,2,0.22,45,night,rainy,True,True,morning,False,False,0,0.33
353,rural,1,0.56,60,daylight,rainy,False,True,evening,False,False,1,0.48
354,rural,3,0.65,35,night,rainy,True,False,afternoon,True,False,1,0.43
355,rural,4,0.74,70,daylight,clear,False,False,morning,False,False,1,0.62
356,highway,4,0.96,25,night,rainy,False,True,evening,True,False,4,0.73
357,rural,4,0.45,70,daylight,clear,True,False,morning,False,False,0,0.37
358,highway,2,0.52,70,night,foggy,False,False,afternoon,True,True,2,0.82
359,urban,1,0.0,25,dim,clear,False,False,evening,False,False,1,0.06
360,urban,2,0.82,35,daylight,rainy,False,True,evening,False,False,2,0.39
361,urban,4,0.37,60,dim,clear,False,True,evening,True,False,1,0.38
362,urban,1,0.1,60,daylight,foggy,False,False,morning,True,False,0,0.37
363,highway,2,0.6,35,dim,clear,False,False,evening,False,True,0,0.31
364,urban,2,0.58,70,night,clear,False,True,afternoon,True,False,2,0.58
365,highway,1,0.79,60,night,rainy,True,False,morning,True,True,4,0.79
366,highway,2,0.28,35,night,foggy,True,True,evening,False,False,0,0.41
367,rural,1,0.85,25,daylight,rainy,True,False,evening,False,False,2,0.3
368,highway,4,0.31,60,daylight,clear,True,True,morning,True,False,1,0.35
369,urban,3,0.41,60,night,foggy,False,False,afternoon,True,False,1,0.65
370,rural,1,0.0,25,night,rainy,True,False,evening,True,True,4,0.2
371,rural,3,0.35,60,daylight,rainy,True,False,evening,False,False,1,0.34
372,highway,2,0.56,45,night,rainy,True,True,morning,True,False,0,0.49
373,rural,1,0.65,45,dim,rainy,False,True,afternoon,False,False,0,0.32
374,urban,2,0.07,35,dim,foggy,True,False,morning,False,False,0,0.06
375,rural,1,0.55,60,night,foggy,False,True,evening,True,False,1,0.63
376,highway,2,0.29,70,night,clear,True,False,afternoon,True,True,2,0.46
377,highway,4,0.39,70,dim,foggy,False,True,morning,True,False,1,0.45
378,urban,3,0.87,25,night,clear,True,True,afternoon,False,True,1,0.37
379,rural,2,0.07,25,dim,rainy,False,True,afternoon,False,False,1,0.09
380,rural,2,0.22,60,dim,clear,False,False,morning,True,False,0,0.24
381,rural,4,0.18,35,daylight,clear,False,True,evening,False,True,0,0.05
382,rural,2,0.29,45,daylight,clear,True,False,afternoon,True,False,2,0.08
383,rural,4,0.97,70,dim,clear,True,False,afternoon,True,False,2,0.49
384,highway,1,0.59,45,night,clear,False,False,morning,False,False,3,0.44
385,urban,3,0.36,70,daylight,clear,False,False,evening,False,True,2,0.37
386,urban,4,0.73,45,dim,rainy,True,True,morning,True,True,1,0.36
387,urban,3,0.73,70,night,foggy,False,True,morning,False,True,3,0.75
388,urban,4,0.55,45,daylight,clear,False,True,morning,True,True,0,0.13
389,urban,4,0.81,25,daylight,rainy,True,True,afternoon,False,False,2,0.37
390,rural,2,0.78,60,night,clear,True,False,evening,False,False,1,0.52
391,urban,4,0.9,25,night,rainy,True,False,evening,True,False,3,0.72
392,highway,2,0.21,25,dim,foggy,False,False,evening,True,True,0,0.23
393,highway,4,0.09,45,daylight,clear,False,True,evening,False,False,1,0.05
394,urban,3,0.63,70,dim,clear,False,False,afternoon,False,False,3,0.46
395,rural,4,0.6,60,dim,clear,False,False,morning,False,True,1,0.39
396,urban,2,0.07,70,dim,foggy,True,True,afternoon,False,False,1,0.22
397,highway,3,0.04,45,night,rainy,True,True,morning,True,False,1,0.27
398,rural,4,0.25,60,dim,rainy,False,False,afternoon,False,True,2,0.34
399,urban,4,0.17,70,dim,rainy,True,True,afternoon,True,True,0,0.34
400,urban,4,0.69,45,night,foggy,True,True,afternoon,True,True,1,0.52
401,rural,3,0.66,25,daylight,foggy,True,False,afternoon,True,False,1,0.28
402,urban,2,0.72,60,dim,foggy,True,True,morning,True,True,1,0.43
403,rural,3,0.14,60,daylight,clear,True,True,evening,False,True,1,0.29
404,highway,3,0.17,45,dim,foggy,True,True,evening,True,True,0,0.14
405,highway,2,0.4,45,night,rainy,False,False,afternoon,False,True,1,0.37
406,urban,3,0.53,35,daylight,foggy,True,False,afternoon,False,True,0,0.3
407,rural,2,0.87,60,dim,clear,False,True,morning,False,True,0,0.5
408,rural,3,0.24,25,night,clear,False,True,morning,False,False,1,0.32
409,highway,4,0.15,35,dim,rainy,False,False,afternoon,False,False,1,0.04
410,urban,2,0.85,25,dim,foggy,True,True,afternoon,True,True,1,0.42
411,rural,2,0.06,45,daylight,foggy,True,False,afternoon,False,False,2,0.11
412,highway,1,0.46,25,daylight,foggy,True,True,morning,True,True,1,0.27
413,urban,1,0.01,35,daylight,clear,True,True,morning,True,False,1,0.02
414,highway,1,0.79,35,daylight,rainy,True,True,evening,True,True,1,0.24
415,urban,1,0.43,45,dim,rainy,False,False,evening,False,True,2,0.16
416,highway,3,0.04,60,daylight,foggy,True,True,afternoon,False,True,1,0.27
417,urban,2,0.67,60,dim,foggy,True,True,afternoon,False,True,3,0.66
418,urban,4,0.64,25,dim,foggy,True,False,afternoon,True,False,3,0.39
419,highway,1,0.98,35,dim,clear,False,True,evening,True,True,1,0.25
420,highway,2,0.86,35,night,clear,True,True,evening,False,True,1,0.46
421,rural,2,0.24,45,night,foggy,False,True,afternoon,False,False,1,0.39
422,rural,1,0.54,60,night,foggy,True,True,evening,True,False,1,0.67
423,rural,4,0.24,70,daylight,rainy,True,True,morning,True,False,1,0.4
424,highway,4,0.82,70,daylight,foggy,False,True,afternoon,True,True,3,0.56
425,rural,1,0.69,70,daylight,foggy,True,False,evening,True,True,0,0.49
426,highway,4,0.96,45,dim,clear,True,False,evening,True,True,1,0.26
427,rural,3,0.51,70,daylight,rainy,False,True,evening,True,False,1,0.49
428,urban,2,0.55,60,daylight,clear,True,False,morning,False,True,2,0.35
429,urban,2,0.41,45,night,foggy,False,True,morning,False,True,1,0.46
430,highway,4,0.54,45,night,foggy,False,False,morning,False,True,0,0.45
431,highway,4,0.07,45,daylight,foggy,False,False,afternoon,True,False,1,0.12
432,urban,3,0.91,25,night,foggy,True,True,evening,False,True,3,0.62
433,rural,2,0.44,45,night,clear,False,False,morning,False,True,1,0.2
434,rural,4,0.43,45,daylight,foggy,False,True,evening,True,True,1,0.14
435,rural,1,0.86,70,daylight,foggy,False,True,afternoon,False,True,2,0.5
436,highway,1,0.24,25,dim,foggy,False,True,evening,True,True,1,0.09
437,rural,3,0.14,70,night,clear,True,True,afternoon,True,False,1,0.4
438,urban,1,0.02,45,dim,rainy,False,False,evening,False,False,2,0.07
439,rural,4,0.82,25,daylight,clear,True,True,morning,False,True,2,0.28
440,urban,3,0.11,35,night,foggy,True,True,evening,True,True,2,0.45
441,urban,4,0.04,70,night,clear,False,False,evening,True,False,0,0.4
442,rural,1,0.8,25,night,rainy,True,False,afternoon,True,False,3,0.61
443,highway,3,0.61,60,night,rainy,False,True,morning,True,True,4,0.74
444,rural,4,0.11,25,daylight,rainy,True,True,afternoon,True,False,1,0.07
445,highway,4,0.63,60,dim,rainy,False,False,evening,True,False,2,0.5
446,rural,4,0.55,60,dim,foggy,True,True,afternoon,True,True,3,0.59
447,highway,4,0.55,60,daylight,foggy,False,True,evening,True,False,2,0.43
448,highway,1,0.44,45,dim,rainy,True,False,evening,False,True,0,0.2
449,urban,3,0.04,60,night,clear,False,True,morning,True,True,0,0.43
450,urban,1,0.63,25,dim,foggy,False,True,afternoon,True,True,1,0.39
451,urban,3,0.4,35,night,clear,False,True,evening,True,True,1,0.26
452,urban,3,0.76,60,dim,rainy,True,True,morning,False,True,2,0.48
453,urban,4,0.21,35,night,foggy,True,True,afternoon,False,False,2,0.44
454,highway,4,0.18,70,night,clear,True,True,evening,False,True,1,0.46
455,rural,3,0.01,45,daylight,rainy,True,False,morning,False,True,0,0.11
456,highway,4,0.08,60,daylight,rainy,False,True,morning,True,True,1,0.31
457,urban,4,0.11,25,night,foggy,False,True,morning,False,False,2,0.28
458,highway,4,0.12,70,daylight,foggy,True,False,evening,False,True,1,0.34
459,highway,4,0.81,45,night,rainy,False,True,afternoon,True,True,2,0.52
460,urban,4,0.01,35,dim,clear,False,False,evening,False,False,0,0.02
461,highway,1,0.54,35,daylight,clear,True,False,morning,True,True,1,0.14
462,highway,1,0.89,60,dim,foggy,False,False,evening,True,False,0,0.55
463,rural,2,0.01,60,daylight,clear,True,False,morning,True,True,1,0.24
464,urban,4,0.13,35,daylight,foggy,False,True,evening,False,True,1,0.16
465,highway,2,0.82,25,daylight,foggy,False,False,morning,False,True,0,0.31
466,highway,4,0.77,35,night,clear,True,True,evening,True,True,0,0.43
467,urban,1,0.71,60,dim,foggy,False,True,morning,True,True,2,0.53
468,highway,1,0.28,70,dim,foggy,True,True,evening,True,True,0,0.37
469,rural,3,0.55,70,night,clear,True,True,afternoon,False,False,1,0.57
470,rural,4,0.07,70,dim,clear,True,False,evening,False,True,0,0.22
471,rural,1,0.08,35,dim,clear,False,True,morning,False,False,1,0.02
472,rural,2,0.34,45,dim,foggy,False,True,evening,True,False,1,0.19
473,urban,1,0.06,25,dim,rainy,False,False,afternoon,False,True,1,0.13
474,rural,2,0.7,35,night,rainy,False,True,morning,False,False,0,0.46
475,rural,2,0.38,35,night,rainy,False,False,morning,True,False,1,0.46
476,highway,2,0.52,60,daylight,clear,True,False,afternoon,True,True,1,0.35
477,urban,4,0.32,60,dim,rainy,False,False,afternoon,False,False,1,0.31
478,urban,1,0.28,25,daylight,rainy,False,True,morning,True,True,0,0.16
479,urban,2,0.52,70,dim,foggy,True,False,morning,False,False,2,0.37
480,rural,4,0.19,35,daylight,rainy,True,True,afternoon,False,True,2,0.21
481,highway,2,0.83,45,daylight,clear,True,True,morning,True,False,1,0.29
482,rural,4,0.18,35,night,clear,True,True,evening,False,False,0,0.29
483,highway,2,0.71,25,dim,clear,True,True,morning,False,True,2,0.24
484,rural,1,0.33,45,night,foggy,True,True,morning,True,False,1,0.49
485,rural,3,0.95,45,dim,foggy,False,True,evening,False,False,3,0.48
486,urban,1,0.9,70,dim,foggy,True,True,evening,True,True,2,0.49
487,rural,4,0.43,25,dim,clear,True,False,morning,False,True,0,0.17
488,highway,2,0.68,45,daylight,foggy,False,False,evening,False,False,2,0.2
489,urban,3,0.2,35,night,rainy,True,True,afternoon,True,True,2,0.37
490,highway,3,0.46,35,dim,rainy,False,False,evening,True,False,1,0.27
491,rural,3,0.94,70,daylight,clear,False,True,evening,True,True,2,0.46
492,rural,4,0.32,70,daylight,rainy,False,False,morning,False,True,0,0.31
493,urban,2,0.03,45,dim,rainy,True,False,afternoon,True,True,0,0.15
494,rural,3,0.14,70,daylight,rainy,True,True,evening,False,True,1,0.27
495,urban,2,0.29,70,night,clear,False,False,evening,True,False,1,0.52
496,highway,4,0.57,60,daylight,clear,True,False,afternoon,True,True,3,0.48
497,highway,3,0.03,70,dim,foggy,False,True,evening,False,False,0,0.29
498,rural,3,0.14,45,daylight,foggy,False,True,afternoon,False,True,1,0.13
499,highway,4,0.99,25,dim,rainy,False,True,afternoon,False,True,4,0.6
500,highway,2,0.13,45,daylight,clear,True,False,afternoon,True,False,1,0.01
501,urban,3,0.34,45,daylight,rainy,True,True,evening,False,True,1,0.21
502,rural,3,0.23,60,dim,foggy,False,True,evening,True,False,1,0.33
503,urban,3,0.36,45,daylight,foggy,True,True,morning,True,False,0,0.15
504,highway,4,0.68,70,dim,foggy,False,False,evening,False,True,0,0.52
505,urban,3,0.38,70,daylight,clear,True,False,afternoon,True,True,1,0.28
506,urban,4,0.77,25,night,clear,False,False,evening,True,False,1,0.39
507,rural,2,0.27,25,night,foggy,True,True,evening,True,False,0,0.39
508,highway,4,0.24,60,dim,rainy,False,False,evening,True,True,0,0.2
509,rural,3,0.92,45,dim,clear,False,False,morning,False,False,1,0.25
510,urban,1,0.01,35,daylight,clear,True,True,afternoon,False,True,1,0.06
511,urban,1,0.16,70,dim,foggy,True,False,morning,False,False,1,0.48
512,rural,1,0.21,35,dim,foggy,True,False,afternoon,True,True,2,0.17
513,highway,3,0.31,60,dim,clear,True,False,morning,False,True,0,0.34
514,urban,1,0.73,25,dim,foggy,True,False,evening,False,True,2,0.3
515,rural,2,0.29,35,night,rainy,True,False,afternoon,False,True,1,0.39
516,rural,1,0.66,25,night,rainy,False,True,evening,True,True,2,0.57
517,rural,1,0.06,35,night,foggy,False,False,morning,True,False,2,0.2
518,highway,3,0.86,45,dim,rainy,True,True,evening,True,False,2,0.42
519,rural,4,0.79,60,dim,rainy,True,True,evening,True,True,2,0.49
520,urban,2,0.28,25,dim,clear,True,False,morning,False,False,2,0.15
521,urban,2,0.68,45,dim,foggy,False,True,evening,True,True,0,0.26
522,rural,4,0.87,35,daylight,foggy,False,True,morning,False,False,1,0.4
523,rural,3,0.25,25,daylight,clear,False,True,morning,True,True,1,0.14
524,rural,2,0.33,60,dim,clear,False,False,evening,False,True,0,0.39
525,urban,2,0.11,35,night,foggy,False,False,evening,True,False,0,0.29
526,urban,1,0.03,35,daylight,clear,False,True,morning,True,True,1,0.05
527,rural,3,0.19,25,daylight,rainy,False,False,evening,True,True,1,0.18
528,urban,4,0.79,45,dim,rainy,False,True,afternoon,False,False,0,0.28
529,urban,1,0.13,45,dim,foggy,True,True,afternoon,False,False,0,0.13
530,highway,2,0.68,35,dim,rainy,True,False,evening,False,False,1,0.25
531,urban,3,0.13,35,daylight,foggy,False,False,afternoon,False,True,0,0.18
532,rural,4,0.16,60,dim,clear,True,False,morning,True,True,0,0.24
533,highway,2,0.84,35,dim,rainy,True,True,morning,False,False,1,0.44
534,highway,1,0.95,35,dim,foggy,False,True,evening,False,False,0,0.36
535,urban,4,0.24,25,dim,rainy,False,True,morning,False,True,1,0.19
536,urban,4,0.57,70,night,foggy,True,False,evening,True,True,1,0.61
537,rural,1,0.89,25,daylight,foggy,True,True,morning,True,False,0,0.29
538,rural,4,0.07,60,daylight,foggy,False,True,evening,True,False,1,0.24
539,rural,2,0.04,45,daylight,clear,False,True,evening,False,False,2,0.05
540,rural,4,0.8,70,daylight,clear,False,True,afternoon,False,True,0,0.41
541,highway,2,0.47,70,dim,rainy,False,True,evening,True,True,1,0.48
542,highway,4,0.45,70,daylight,clear,True,True,evening,False,True,2,0.39
543,urban,1,0.96,70,night,rainy,True,True,evening,True,True,4,0.79
544,urban,3,0.04,70,dim,foggy,False,False,afternoon,False,False,2,0.35
545,highway,4,0.6,70,daylight,clear,True,True,evening,False,False,1,0.31
546,urban,4,0.92,45,daylight,clear,False,True,morning,True,True,1,0.25
547,highway,3,0.63,35,night,rainy,False,False,evening,True,True,0,0.43
548,urban,1,0.4,35,night,foggy,True,False,evening,True,True,1,0.35
549,highway,2,0.59,25,dim,clear,False,True,evening,False,True,0,0.23
550,urban,3,0.53,35,night,foggy,False,True,afternoon,True,True,1,0.48
551,urban,3,0.45,25,night,clear,False,False,afternoon,False,False,0,0.45
552,urban,4,0.32,60,dim,clear,True,False,evening,False,False,2,0.24
553,urban,3,0.71,45,dim,rainy,False,True,afternoon,True,False,1,0.32
554,highway,3,0.57,35,dim,clear,True,False,evening,False,False,1,0.19
555,urban,3,0.58,60,night,foggy,False,True,evening,True,False,0,0.68
556,rural,4,0.58,25,dim,rainy,False,True,afternoon,False,True,1,0.26
557,urban,4,0.61,70,dim,foggy,True,True,morning,False,False,3,0.57
558,highway,1,0.28,35,daylight,rainy,False,True,evening,True,False,0,0.27
559,highway,1,0.03,45,night,rainy,True,True,morning,True,False,1,0.25
560,rural,4,0.7,25,dim,foggy,True,False,afternoon,False,True,0,0.25
561,rural,3,0.08,60,daylight,clear,True,True,afternoon,True,True,1,0.21
562,highway,1,0.86,25,dim,foggy,True,True,afternoon,False,True,1,0.42
563,rural,1,0.97,45,night,foggy,False,True,evening,True,False,3,0.69
564,rural,4,0.77,25,dim,rainy,True,True,afternoon,True,False,1,0.37
565,rural,1,0.72,45,dim,clear,True,True,morning,False,False,1,0.18
566,highway,4,0.07,25,daylight,foggy,True,True,evening,False,True,0,0.07
567,rural,2,0.75,60,daylight,foggy,False,True,afternoon,False,False,2,0.53
568,urban,1,0.73,60,dim,rainy,False,True,evening,False,False,2,0.56
569,rural,2,0.72,60,daylight,foggy,True,True,morning,False,True,1,0.57
570,highway,2,0.62,60,dim,rainy,False,False,morning,True,False,0,0.55
571,highway,2,0.18,35,night,clear,False,False,morning,False,True,1,0.32
572,highway,3,0.21,70,dim,foggy,False,False,morning,True,True,0,0.39
573,highway,1,0.15,45,night,clear,False,True,evening,False,False,2,0.27
574,highway,2,0.57,35,night,foggy,True,False,afternoon,True,True,1,0.47
575,rural,1,0.51,25,dim,rainy,True,False,evening,False,True,1,0.25
576,rural,4,0.31,35,daylight,foggy,True,True,morning,True,False,2,0.21
577,urban,1,0.74,70,daylight,clear,True,True,morning,False,False,3,0.6
578,highway,2,0.45,25,night,rainy,True,True,morning,True,False,2,0.41
579,urban,2,0.26,35,night,foggy,True,False,afternoon,True,True,2,0.42
580,rural,1,0.7,70,dim,clear,True,True,evening,True,True,1,0.36
581,urban,3,0.73,45,daylight,foggy,False,False,evening,True,False,1,0.38
582,urban,3,0.87,60,night,rainy,False,True,afternoon,True,True,1,0.8
583,urban,2,0.1,60,night,clear,False,True,evening,False,False,2,0.36
584,highway,2,0.7,60,dim,foggy,False,False,morning,True,False,3,0.62
585,urban,4,0.33,70,dim,clear,True,True,evening,False,True,0,0.33
586,rural,2,0.15,35,dim,rainy,False,True,afternoon,False,True,2,0.24
587,highway,4,0.71,25,daylight,rainy,True,False,morning,False,True,2,0.27
588,urban,2,0.32,70,night,foggy,False,False,afternoon,False,True,1,0.68
589,urban,1,0.64,45,daylight,rainy,False,True,evening,True,True,1,0.34
590,highway,4,0.88,60,daylight,clear,True,True,afternoon,True,False,3,0.56
591,highway,4,0.61,45,dim,clear,False,False,morning,False,False,0,0.14
592,urban,4,0.18,70,dim,foggy,False,False,evening,True,True,1,0.34
593,highway,1,0.17,45,night,clear,True,True,evening,False,True,2,0.29
594,urban,4,0.57,35,night,rainy,False,True,evening,True,True,3,0.5
595,rural,2,0.35,45,night,clear,False,True,morning,True,False,0,0.39
596,rural,2,0.63,60,daylight,foggy,True,False,morning,True,True,0,0.57
597,highway,3,1.0,70,dim,clear,True,True,evening,False,True,0,0.39
598,urban,1,0.03,70,daylight,rainy,False,True,afternoon,False,True,1,0.25
599,rural,1,0.39,45,night,foggy,True,True,afternoon,False,True,1,0.36
600,rural,4,0.26,45,dim,foggy,True,False,morning,True,True,1,0.14
601,urban,4,0.45,45,night,clear,False,True,afternoon,True,True,1,0.36
602,rural,3,0.84,60,daylight,clear,False,True,afternoon,True,False,0,0.48
603,urban,2,0.68,70,daylight,foggy,False,True,morning,False,True,1,0.44
604,highway,1,0.7,60,daylight,foggy,True,True,morning,True,True,0,0.41
605,urban,2,0.4,45,daylight,clear,False,False,afternoon,True,False,1,0.11
606,urban,3,0.21,25,night,foggy,True,True,afternoon,False,False,0,0.36
607,highway,2,0.07,45,daylight,clear,False,False,afternoon,True,True,0,0.12
608,highway,3,0.31,25,night,foggy,True,False,evening,False,True,0,0.42
609,rural,1,0.75,70,dim,clear,True,True,evening,True,True,1,0.4
610,rural,1,0.25,45,daylight,clear,False,False,morning,True,False,1,0.12
611,highway,3,0.84,60,dim,clear,True,True,morning,True,True,0,0.43
612,urban,2,0.19,70,daylight,foggy,False,True,afternoon,False,False,2,0.47
613,highway,1,0.24,35,daylight,rainy,True,True,morning,True,False,1,0.19
614,urban,1,0.73,45,night,clear,True,False,evening,True,False,2,0.4
615,rural,2,0.65,35,dim,foggy,True,True,morning,True,True,0,0.23
616,urban,1,0.05,25,night,clear,True,True,afternoon,True,False,1,0.14
617,urban,1,0.53,35,dim,foggy,False,True,evening,False,True,0,0.22
618,urban,1,0.55,25,night,rainy,False,False,afternoon,True,False,2,0.5
619,highway,3,0.86,60,night,clear,False,True,morning,True,False,2,0.69
620,highway,2,0.35,35,daylight,rainy,False,True,morning,True,False,1,0.17
621,rural,3,0.34,35,dim,clear,False,True,morning,True,False,0,0.13
622,rural,4,0.76,60,dim,rainy,True,False,morning,False,False,2,0.43
623,urban,2,0.12,60,daylight,rainy,True,True,afternoon,True,False,1,0.31
624,urban,4,0.04,25,night,rainy,True,False,evening,True,False,1,0.19
625,rural,2,0.14,25,dim,foggy,False,False,evening,True,True,0,0.14
626,rural,4,0.66,35,daylight,foggy,False,True,morning,True,True,0,0.29
627,rural,1,0.29,60,dim,clear,True,False,evening,False,True,0,0.32
628,urban,3,0.51,25,night,clear,False,False,evening,False,False,2,0.41
629,urban,3,0.51,60,dim,rainy,False,True,afternoon,True,True,1,0.49
630,rural,4,0.12,35,dim,clear,False,True,evening,True,False,1,0.11
631,rural,2,0.85,45,daylight,clear,False,False,morning,False,False,1,0.26
632,rural,4,0.56,35,daylight,rainy,False,True,morning,False,True,2,0.34
633,highway,1,0.63,60,dim,clear,True,False,morning,True,True,2,0.39
634,highway,1,0.71,25,dim,clear,True,False,evening,False,False,1,0.25
635,highway,4,0.39,70,dim,rainy,False,False,morning,False,True,1,0.41
636,urban,2,0.41,25,night,foggy,False,False,afternoon,False,True,1,0.46
637,urban,1,0.4,45,dim,rainy,True,False,evening,True,True,0,0.25
638,highway,4,0.63,25,dim,foggy,False,True,afternoon,False,False,2,0.27
639,highway,2,0.57,25,night,clear,False,True,evening,True,True,2,0.31
640,urban,1,0.71,70,daylight,foggy,True,True,morning,True,True,0,0.5
641,highway,2,0.87,35,daylight,foggy,True,True,afternoon,True,True,0,0.32
642,urban,2,0.09,45,dim,foggy,False,False,evening,False,False,1,0.14
643,highway,2,0.23,35,dim,rainy,False,False,afternoon,True,False,1,0.14
644,urban,2,0.05,70,dim,rainy,True,False,afternoon,False,False,0,0.29
645,rural,4,0.05,70,dim,clear,False,False,afternoon,False,False,1,0.17
646,rural,4,0.4,35,dim,foggy,False,False,morning,False,True,0,0.27
647,urban,2,0.46,45,dim,rainy,True,False,evening,True,True,2,0.25
648,urban,4,0.26,45,night,rainy,False,False,morning,False,True,1,0.48
649,highway,2,0.15,35,dim,rainy,True,False,evening,False,True,2,0.13
650,highway,4,0.3,35,night,foggy,False,True,evening,True,True,2,0.36
651,highway,4,0.62,60,night,rainy,False,True,morning,True,True,3,0.69
652,rural,1,0.05,35,night,foggy,False,False,afternoon,False,True,1,0.35
653,urban,3,0.42,70,night,foggy,True,False,afternoon,False,True,1,0.57
654,rural,1,0.03,60,dim,rainy,True,False,evening,False,True,2,0.29
655,rural,3,0.73,70,dim,clear,True,True,afternoon,False,True,0,0.53
656,urban,4,0.53,35,night,foggy,True,False,evening,True,True,0,0.48
657,highway,3,0.29,45,daylight,rainy,False,False,evening,False,False,1,0.22
658,rural,4,0.7,70,night,clear,True,False,afternoon,True,False,2,0.58
659,highway,1,0.16,60,daylight,rainy,True,True,afternoon,False,False,1,0.4
660,urban,3,0.17,60,dim,clear,False,False,morning,True,False,2,0.29
661,urban,2,0.65,25,dim,foggy,True,True,evening,False,False,2,0.34
662,urban,2,0.81,35,daylight,rainy,True,True,afternoon,True,False,1,0.37
663,highway,1,0.43,35,daylight,clear,False,True,morning,False,False,1,0.06
664,highway,1,0.23,45,night,rainy,False,True,morning,True,False,2,0.47
665,urban,1,0.43,45,dim,rainy,True,False,evening,True,False,1,0.26
666,urban,4,0.34,35,daylight,foggy,True,False,evening,True,True,1,0.21
667,urban,1,0.86,70,daylight,clear,False,True,evening,True,False,3,0.49
668,rural,1,0.21,60,daylight,rainy,False,False,afternoon,False,True,1,0.34
669,highway,3,0.72,25,dim,clear,True,True,morning,True,True,0,0.28
670,rural,4,0.39,25,dim,clear,True,False,morning,False,True,2,0.12
671,urban,2,0.93,60,dim,clear,True,True,evening,True,True,0,0.54
672,rural,1,0.58,70,dim,clear,True,True,evening,True,False,0,0.45
673,urban,4,0.24,45,dim,foggy,False,False,afternoon,True,False,0,0.12
674,urban,4,0.74,45,daylight,rainy,False,False,evening,True,True,1,0.33
675,urban,2,0.4,25,daylight,rainy,False,True,afternoon,True,True,2,0.17
676,urban,2,0.52,70,dim,foggy,False,True,afternoon,True,True,1,0.42
677,urban,3,0.52,35,night,foggy,True,False,morning,True,True,0,0.45
678,highway,3,0.97,25,dim,clear,False,True,morning,True,False,1,0.3
679,urban,3,0.13,25,dim,rainy,True,False,morning,False,False,0,0.26
680,urban,2,0.12,35,dim,foggy,False,False,afternoon,True,True,2,0.22
681,highway,1,0.13,70,dim,foggy,False,True,afternoon,False,False,0,0.46
682,urban,4,0.71,70,night,foggy,False,True,afternoon,True,False,2,0.77
683,rural,4,0.73,60,night,foggy,False,True,evening,False,True,1,0.78
684,highway,1,0.47,35,dim,rainy,False,True,afternoon,True,True,2,0.21
685,urban,2,0.71,25,night,clear,True,True,afternoon,True,True,3,0.51
686,rural,1,0.29,35,dim,rainy,False,False,evening,True,True,2,0.18
687,rural,2,0.53,60,night,rainy,True,True,afternoon,True,True,0,0.6
688,highway,4,0.83,45,night,clear,False,True,afternoon,True,False,2,0.51
689,highway,4,0.32,60,dim,clear,False,False,morning,True,True,2,0.27
690,highway,3,0.58,25,night,clear,False,False,afternoon,True,False,1,0.3
691,urban,3,0.14,35,night,foggy,True,False,morning,True,True,2,0.31
692,rural,2,0.66,70,dim,foggy,True,True,evening,True,False,3,0.6
693,urban,2,0.79,70,daylight,foggy,True,False,evening,True,False,1,0.55
694,urban,4,0.56,60,night,foggy,True,False,evening,False,True,1,0.66
695,rural,4,0.45,60,dim,foggy,True,True,afternoon,True,True,0,0.35
696,highway,1,0.33,35,night,clear,True,False,evening,False,False,0,0.31
697,rural,4,0.14,60,dim,clear,True,False,afternoon,True,False,1,0.08
698,rural,3,0.72,60,night,clear,True,False,morning,False,True,0,0.57
699,highway,4,0.68,60,night,clear,True,True,afternoon,True,False,1,0.69
700,highway,4,0.98,35,daylight,clear,False,False,afternoon,False,True,0,0.33
701,urban,4,0.53,60,daylight,foggy,False,False,afternoon,False,True,2,0.43
702,highway,4,0.29,35,daylight,rainy,True,False,afternoon,False,False,2,0.13
703,rural,3,0.51,25,night,clear,False,True,afternoon,False,False,0,0.24
704,urban,2,0.85,35,dim,foggy,True,False,morning,False,True,0,0.32
705,urban,4,0.47,35,dim,rainy,True,True,morning,False,True,2,0.3
706,rural,4,0.52,60,daylight,rainy,True,True,afternoon,True,True,1,0.51
707,urban,3,0.45,35,night,clear,True,True,evening,True,True,1,0.34
708,urban,1,0.66,60,night,foggy,False,False,morning,True,True,4,0.88
709,rural,2,0.94,45,daylight,clear,True,True,morning,False,False,1,0.28
710,rural,1,0.16,35,night,clear,False,False,afternoon,False,False,2,0.32
711,highway,1,0.31,45,daylight,clear,True,True,afternoon,False,True,1,0.08
712,rural,4,0.36,60,daylight,clear,False,False,evening,True,False,2,0.26
713,urban,3,0.4,60,dim,clear,False,False,evening,False,True,1,0.3
714,rural,2,0.95,35,daylight,rainy,True,False,morning,True,True,1,0.33
715,highway,3,0.12,60,night,clear,False,False,morning,False,True,0,0.38
716,urban,1,0.56,60,daylight,foggy,False,True,afternoon,False,True,1,0.47
717,rural,3,0.79,60,daylight,rainy,False,False,afternoon,True,False,0,0.67
718,urban,2,0.57,45,night,clear,True,True,morning,True,True,2,0.43
719,urban,1,0.61,60,dim,clear,False,False,evening,False,False,2,0.48
720,urban,4,0.32,70,daylight,rainy,False,True,morning,False,False,0,0.47
721,highway,2,0.82,45,dim,foggy,True,True,morning,False,False,2,0.28
722,highway,2,0.65,25,night,clear,True,True,afternoon,True,True,2,0.34
723,rural,3,0.2,35,night,clear,False,True,afternoon,False,False,1,0.21
724,urban,2,0.8,25,daylight,foggy,False,True,morning,True,True,2,0.33
725,rural,3,0.48,35,daylight,foggy,False,True,afternoon,True,True,2,0.25
726,rural,2,0.32,70,dim,rainy,True,True,evening,True,True,1,0.38
727,highway,1,0.46,25,dim,rainy,False,False,afternoon,False,True,1,0.27
728,rural,3,0.65,70,night,foggy,False,True,evening,True,True,2,0.75
729,highway,3,0.35,35,night,foggy,False,False,morning,False,False,1,0.39
730,rural,4,0.3,70,night,foggy,False,True,afternoon,True,False,1,0.66
731,highway,1,0.17,35,dim,rainy,False,True,evening,False,False,1,0.27
732,rural,2,0.08,35,daylight,rainy,True,True,evening,True,True,1,0.12
733,highway,3,0.75,25,daylight,rainy,False,True,evening,True,True,3,0.45
734,rural,1,0.55,25,daylight,rainy,True,False,evening,False,True,2,0.23
735,highway,4,0.06,70,dim,clear,True,False,evening,True,True,1,0.26
736,highway,3,0.4,60,daylight,clear,False,True,evening,True,True,0,0.34
737,urban,2,0.92,70,dim,clear,True,True,evening,False,False,0,0.47
738,rural,2,0.91,70,dim,foggy,True,True,afternoon,True,False,0,0.63
739,rural,1,0.37,25,night,rainy,True,True,evening,True,False,1,0.42
740,urban,1,0.08,70,daylight,clear,False,False,evening,True,True,1,0.31
741,urban,1,0.38,70,daylight,rainy,False,True,afternoon,False,False,2,0.37
742,rural,1,0.92,25,dim,rainy,False,False,morning,True,True,2,0.33
743,highway,2,0.71,35,night,rainy,False,True,afternoon,False,False,2,0.48
744,rural,2,0.7,60,dim,clear,True,False,morning,False,True,0,0.39
745,rural,3,0.71,35,daylight,foggy,False,True,afternoon,False,False,2,0.27
746,rural,2,0.72,35,daylight,rainy,True,False,morning,True,False,1,0.41
747,urban,1,0.27,45,night,foggy,True,False,afternoon,False,True,1,0.43
748,highway,2,0.76,25,night,rainy,False,True,evening,True,True,0,0.54
749,highway,4,0.54,25,night,clear,False,False,evening,False,True,2,0.26
750,urban,2,0.36,60,daylight,rainy,True,False,evening,True,True,0,0.4
751,urban,2,0.59,45,night,foggy,True,True,morning,True,False,3,0.52
752,highway,1,0.77,25,night,foggy,False,False,morning,True,True,0,0.51
753,urban,2,0.51,25,dim,clear,True,True,afternoon,False,False,1,0.16
754,urban,1,0.53,45,daylight,rainy,False,False,evening,False,False,1,0.33
755,urban,2,0.72,60,dim,rainy,False,True,morning,True,True,2,0.62
756,urban,3,0.68,60,night,foggy,False,True,afternoon,False,True,3,0.87
757,rural,4,0.09,25,daylight,foggy,True,False,evening,False,True,1,0.12
758,urban,2,0.41,35,daylight,foggy,False,True,evening,False,False,0,0.21
759,rural,3,0.42,45,dim,clear,False,True,morning,False,False,2,0.12
760,rural,4,0.86,35,daylight,clear,True,False,afternoon,True,False,2,0.35
761,rural,2,0.17,45,night,foggy,True,True,morning,True,True,2,0.2
762,rural,4,0.6,45,dim,foggy,True,True,morning,False,False,2,0.28
763,urban,4,0.7,25,dim,rainy,False,False,afternoon,False,False,2,0.33
764,highway,2,0.59,35,night,rainy,True,False,evening,True,False,2,0.39
765,rural,1,0.39,25,night,rainy,False,True,evening,False,True,0,0.45
766,urban,4,0.36,70,night,foggy,False,False,morning,True,True,1,0.7
767,highway,1,0.09,70,daylight,clear,True,True,evening,False,True,1,0.28
768,rural,4,0.05,70,dim,foggy,False,True,afternoon,True,False,2,0.33
769,rural,3,0.58,35,night,rainy,True,False,afternoon,True,True,2,0.37
770,urban,3,0.14,35,daylight,clear,False,True,morning,True,False,2,0.06
771,rural,1,0.7,45,night,foggy,False,True,morning,True,False,1,0.43
772,urban,4,0.67,60,daylight,foggy,False,True,evening,True,False,2,0.43
773,urban,1,0.59,35,daylight,foggy,True,True,morning,True,False,2,0.29
774,highway,3,0.08,60,daylight,foggy,True,False,evening,False,True,2,0.32
775,highway,2,0.24,60,daylight,rainy,True,False,evening,True,False,2,0.33
776,urban,3,0.17,60,dim,clear,True,True,afternoon,False,True,0,0.26
777,rural,3,0.46,35,night,foggy,True,True,evening,True,False,2,0.45
778,urban,4,0.82,45,night,foggy,True,True,evening,True,False,0,0.52
779,highway,4,0.75,60,daylight,foggy,False,False,afternoon,True,False,0,0.5
780,rural,2,0.37,35,night,clear,True,False,morning,True,False,2,0.34
781,rural,3,0.72,60,night,rainy,False,True,evening,True,False,3,0.84
782,highway,3,0.16,45,night,foggy,False,False,afternoon,True,True,1,0.3
783,urban,3,0.46,45,dim,foggy,True,True,evening,True,False,0,0.23
784,urban,1,0.63,25,dim,foggy,False,True,morning,True,False,1,0.35
785,urban,1,0.61,70,dim,foggy,False,True,morning,False,False,0,0.52
786,rural,4,0.53,70,night,foggy,True,False,evening,True,False,1,0.64
787,highway,4,0.48,35,night,rainy,False,False,morning,True,True,1,0.4
788,urban,2,0.62,35,night,foggy,True,False,afternoon,False,False,1,0.49
789,rural,3,0.08,70,daylight,foggy,False,True,morning,True,False,0,0.28
790,rural,4,0.51,70,night,clear,False,True,afternoon,True,False,0,0.58
791,rural,4,0.86,25,dim,rainy,False,True,evening,False,True,0,0.26
792,highway,4,0.49,60,night,clear,False,True,evening,False,True,1,0.49
793,rural,1,0.55,45,daylight,rainy,True,False,morning,False,False,2,0.31
794,rural,4,0.06,70,dim,clear,True,False,evening,True,True,1,0.22
795,highway,1,0.08,35,daylight,rainy,False,False,evening,False,True,1,0.18
796,rural,3,0.43,45,dim,foggy,False,True,morning,True,False,1,0.26
797,urban,4,0.66,35,daylight,clear,False,False,afternoon,False,True,0,0.21
798,highway,2,0.57,45,daylight,rainy,False,False,evening,True,False,1,0.42
799,highway,3,0.56,60,daylight,rainy,False,False,morning,True,True,2,0.51
800,urban,1,0.03,25,night,foggy,True,False,morning,False,True,1,0.22
801,highway,3,0.08,45,night,clear,False,True,afternoon,True,False,2,0.3
802,urban,1,0.86,25,night,foggy,True,False,afternoon,False,False,3,0.7
803,rural,1,0.06,70,dim,rainy,True,True,afternoon,False,True,1,0.34
804,rural,3,0.05,25,night,clear,True,True,evening,False,False,2,0.18
805,rural,4,0.55,70,dim,clear,False,False,afternoon,False,True,1,0.33
806,rural,4,0.02,70,daylight,clear,True,False,afternoon,False,False,0,0.19
807,rural,4,0.05,45,dim,clear,True,True,evening,True,True,2,0.04
808,urban,1,0.46,70,dim,clear,True,True,evening,False,False,1,0.27
809,highway,1,0.25,70,dim,clear,False,True,evening,False,False,1,0.24
810,highway,4,0.7,35,night,clear,True,True,morning,False,True,1,0.36
811,rural,1,0.8,60,dim,rainy,True,True,evening,True,True,1,0.5
812,urban,2,0.72,45,daylight,clear,True,True,morning,False,True,2,0.26
813,rural,1,0.89,45,daylight,clear,True,True,evening,False,False,1,0.25
814,rural,1,0.82,70,daylight,foggy,False,True,morning,False,False,1,0.5
815,urban,2,0.51,60,night,foggy,True,True,morning,False,False,2,0.54
816,urban,1,0.55,35,night,foggy,False,False,afternoon,False,True,2,0.57
817,highway,2,0.95,25,night,clear,False,True,evening,True,False,2,0.45
818,highway,4,0.2,60,daylight,clear,False,True,morning,False,True,1,0.22
819,urban,3,0.65,25,night,foggy,False,False,morning,True,False,1,0.6
820,highway,3,0.58,70,daylight,foggy,True,False,morning,True,True,3,0.57
821,urban,3,0.3,45,daylight,rainy,False,False,evening,False,False,1,0.19
822,urban,1,0.46,60,dim,clear,False,True,morning,False,True,1,0.38
823,urban,3,0.12,45,dim,foggy,True,True,afternoon,True,True,2,0.13
824,rural,2,0.38,60,daylight,foggy,False,False,evening,True,False,2,0.42
825,urban,3,0.4,45,dim,rainy,False,False,afternoon,True,True,1,0.27
826,rural,1,0.6,25,night,foggy,False,True,evening,False,False,2,0.45
827,highway,2,0.14,70,night,clear,False,True,afternoon,False,False,1,0.43
828,rural,2,0.49,45,dim,rainy,False,False,afternoon,False,True,1,0.27
829,highway,1,0.13,25,daylight,rainy,False,False,evening,False,True,2,0.21
830,urban,3,0.28,35,night,clear,False,False,morning,False,True,1,0.27
831,highway,2,0.53,25,night,clear,False,True,evening,True,True,0,0.26
832,rural,1,0.15,45,night,foggy,True,True,afternoon,False,False,1,0.35
833,highway,4,0.69,45,night,clear,False,False,morning,False,False,0,0.54
834,highway,4,0.14,35,night,foggy,False,True,afternoon,False,False,0,0.4
835,highway,4,0.68,45,night,clear,True,True,evening,True,False,2,0.27
836,highway,4,0.53,60,dim,rainy,True,True,evening,False,True,2,0.51
837,highway,3,0.88,25,night,rainy,False,False,morning,False,False,3,0.59
838,rural,2,0.99,45,dim,clear,False,False,evening,False,False,0,0.36
839,highway,4,0.75,70,dim,clear,False,False,morning,True,False,1,0.39
840,urban,4,0.21,35,night,rainy,True,False,evening,True,False,0,0.34
841,highway,2,0.04,70,daylight,rainy,False,True,morning,False,False,1,0.31
842,rural,4,0.51,35,dim,foggy,False,False,evening,True,True,1,0.22
843,urban,1,0.46,45,daylight,clear,True,True,morning,True,True,1,0.06
844,urban,3,0.07,35,dim,rainy,True,True,morning,True,False,2,0.07
845,urban,4,0.28,70,dim,foggy,False,False,evening,True,True,1,0.39
846,urban,2,0.87,35,dim,foggy,True,False,morning,False,False,0,0.35
847,highway,4,0.41,25,daylight,rainy,False,True,evening,True,True,1,0.18
848,highway,2,0.14,70,daylight,foggy,True,False,afternoon,True,True,0,0.37
849,rural,1,0.46,60,daylight,foggy,True,False,afternoon,True,False,2,0.51
850,urban,4,0.79,25,daylight,clear,False,False,evening,False,False,0,0.37
851,highway,2,0.4,60,dim,clear,False,False,morning,False,False,2,0.2
852,urban,4,0.56,45,night,clear,False,False,morning,True,True,1,0.42
853,highway,2,0.28,35,night,foggy,False,True,morning,False,True,2,0.49
854,urban,4,0.66,25,night,clear,False,False,evening,False,True,0,0.44
855,highway,2,0.67,70,night,foggy,False,True,evening,True,False,1,0.63
856,highway,4,0.94,25,daylight,foggy,True,False,evening,False,True,4,0.49
857,rural,4,0.52,70,daylight,rainy,False,True,evening,True,True,2,0.47
858,highway,3,0.09,70,dim,foggy,True,False,afternoon,True,True,0,0.23
859,urban,4,0.4,45,dim,rainy,False,True,afternoon,False,True,2,0.21
860,highway,3,0.49,70,daylight,rainy,False,True,morning,False,False,1,0.47
861,highway,1,0.98,25,night,rainy,True,True,afternoon,False,False,5,0.74
862,urban,2,0.15,25,daylight,clear,False,True,morning,True,False,1,0.09
863,urban,4,0.63,70,night,foggy,True,False,evening,False,False,1,0.6
864,urban,4,0.45,25,night,clear,False,False,afternoon,True,False,2,0.2
865,rural,2,0.01,45,daylight,clear,True,True,evening,False,True,1,0.05
866,rural,3,0.52,70,daylight,foggy,True,True,afternoon,False,False,2,0.41
867,urban,2,0.47,45,night,foggy,False,False,evening,True,False,2,0.47
868,highway,1,0.77,60,daylight,foggy,True,True,morning,True,True,0,0.51
869,urban,4,0.64,35,daylight,foggy,True,True,evening,False,False,2,0.37
870,urban,1,0.53,45,dim,foggy,True,False,morning,False,True,1,0.31
871,rural,2,0.68,45,night,rainy,True,True,morning,False,True,0,0.44
872,rural,3,0.01,45,night,clear,True,True,evening,True,False,2,0.24
873,rural,4,0.66,35,night,clear,True,False,afternoon,False,False,0,0.4
874,urban,1,0.67,25,dim,foggy,True,False,afternoon,False,False,1,0.29
875,urban,1,0.81,45,daylight,rainy,False,True,morning,False,False,1,0.35
876,urban,1,0.89,60,dim,foggy,False,True,morning,True,True,2,0.62
877,urban,2,0.35,45,night,clear,False,True,evening,False,False,1,0.37
878,rural,4,0.37,70,dim,foggy,False,True,afternoon,True,True,1,0.47
879,rural,1,0.3,25,daylight,rainy,False,True,afternoon,True,False,2,0.25
880,highway,2,0.81,60,daylight,foggy,False,False,afternoon,True,False,1,0.52
881,highway,1,0.99,45,daylight,clear,False,False,afternoon,False,False,0,0.33
882,urban,3,0.63,60,daylight,clear,True,False,afternoon,True,True,0,0.38
883,highway,2,0.82,25,daylight,clear,False,True,afternoon,False,False,1,0.28
884,rural,1,0.44,25,dim,rainy,False,True,morning,False,True,2,0.26
885,rural,2,0.03,45,daylight,foggy,False,True,morning,True,False,1,0.16
886,urban,1,0.59,45,dim,foggy,False,False,evening,False,True,1,0.26
887,urban,4,0.99,60,daylight,clear,True,True,evening,True,False,1,0.44
888,rural,2,0.66,35,night,rainy,False,True,afternoon,False,True,1,0.48
889,rural,2,0.82,25,night,clear,False,True,evening,False,False,2,0.51
890,highway,3,0.33,45,daylight,foggy,True,True,afternoon,True,False,2,0.21
891,urban,4,0.86,35,dim,clear,False,False,evening,False,False,2,0.3
892,rural,3,0.49,25,night,foggy,True,True,morning,True,False,2,0.43
893,highway,2,0.23,35,night,clear,True,True,morning,False,False,1,0.32
894,rural,2,0.65,70,dim,clear,False,False,morning,True,False,2,0.43
895,rural,4,0.97,35,daylight,rainy,True,False,morning,True,True,2,0.3
896,rural,2,0.05,35,dim,clear,False,True,evening,False,True,1,0.02
897,urban,4,0.65,70,dim,clear,True,True,evening,False,True,0,0.39
898,urban,1,0.16,70,night,foggy,False,True,morning,False,True,2,0.48
899,urban,1,0.59,45,night,rainy,False,True,evening,True,True,3,0.45
900,highway,1,0.71,35,daylight,foggy,False,False,afternoon,False,True,0,0.27
901,rural,3,0.15,70,dim,clear,True,False,afternoon,True,True,1,0.26
902,highway,1,0.38,35,night,foggy,True,True,afternoon,False,False,0,0.34
903,rural,1,0.68,45,daylight,rainy,True,False,afternoon,False,False,0,0.32
904,rural,2,0.73,45,dim,rainy,False,True,afternoon,False,False,2,0.32
905,rural,4,0.01,35,dim,rainy,True,True,afternoon,False,True,2,0.18
906,highway,1,0.66,45,night,rainy,False,True,evening,False,False,3,0.58
907,highway,1,0.9,45,night,clear,True,True,morning,True,False,0,0.49
908,urban,3,0.46,35,night,foggy,True,True,morning,True,True,2,0.38
909,highway,1,0.29,35,dim,rainy,True,True,afternoon,False,True,1,0.21
910,urban,4,0.8,35,night,rainy,False,False,morning,True,True,0,0.48
911,urban,2,0.49,60,daylight,foggy,False,True,evening,True,False,1,0.45
912,rural,1,0.72,35,daylight,foggy,True,False,afternoon,True,False,2,0.29
913,highway,4,0.57,70,night,clear,False,True,evening,True,True,1,0.43
914,highway,2,0.22,60,daylight,rainy,False,False,afternoon,True,True,1,0.3
915,highway,2,0.31,60,daylight,rainy,True,False,afternoon,True,False,1,0.27
916,urban,4,0.36,25,dim,rainy,True,True,evening,True,True,1,0.15
917,urban,4,0.66,35,night,clear,True,True,morning,False,False,0,0.41
918,urban,2,0.13,70,dim,foggy,True,True,evening,False,True,2,0.34
919,highway,4,0.43,70,night,foggy,False,True,evening,False,True,0,0.65
920,urban,2,0.57,70,night,foggy,False,True,evening,False,True,2,0.77
921,urban,3,0.07,25,night,rainy,False,True,evening,False,False,0,0.28
922,highway,3,0.86,25,daylight,foggy,True,True,afternoon,True,True,1,0.46
923,highway,1,0.09,25,dim,foggy,False,False,evening,False,True,1,0.14
924,urban,3,0.31,25,daylight,foggy,True,False,morning,True,False,0,0.07
925,rural,3,0.66,45,night,foggy,False,True,morning,True,True,2,0.54
926,highway,1,0.3,45,dim,foggy,True,False,afternoon,False,False,2,0.17
927,rural,2,0.29,70,daylight,clear,True,True,evening,True,False,2,0.3
928,urban,1,0.86,60,daylight,foggy,True,False,morning,True,False,1,0.53
929,highway,1,0.25,60,daylight,rainy,True,True,morning,True,True,2,0.34
930,rural,2,0.27,45,night,foggy,False,True,evening,True,True,2,0.3
931,highway,1,0.71,70,night,clear,True,True,morning,False,False,3,0.7
932,urban,2,0.1,35,dim,rainy,False,False,evening,False,False,1,0.0
933,highway,1,0.31,25,dim,clear,False,False,evening,True,True,1,0.18
934,urban,3,0.58,25,daylight,rainy,True,False,evening,True,False,2,0.3
935,rural,4,0.41,25,night,rainy,True,False,morning,True,False,1,0.37
936,rural,2,0.84,25,daylight,rainy,False,True,evening,True,True,2,0.39
937,highway,2,0.07,60,night,foggy,False,True,afternoon,True,False,1,0.48
938,highway,1,0.43,35,dim,foggy,True,True,evening,True,True,1,0.25
939,urban,1,0.1,60,dim,foggy,False,True,evening,False,True,1,0.43
940,highway,1,0.9,25,dim,rainy,True,False,morning,False,True,1,0.29
941,rural,4,0.59,35,dim,foggy,False,False,afternoon,False,True,1,0.25
942,highway,2,0.17,45,daylight,clear,True,True,morning,False,False,1,0.06
943,rural,4,0.9,60,night,clear,True,False,morning,True,False,0,0.55
944,highway,2,0.57,70,dim,foggy,False,False,morning,True,False,2,0.52
945,rural,2,0.68,60,daylight,clear,True,True,evening,True,False,1,0.38
946,highway,1,0.38,25,night,clear,False,False,evening,True,True,0,0.25
947,urban,2,0.03,25,night,clear,False,False,afternoon,False,False,0,0.32
948,rural,4,0.42,45,dim,rainy,True,False,afternoon,False,False,1,0.18
949,rural,2,0.86,25,daylight,rainy,True,False,morning,True,False,0,0.36
950,highway,1,0.61,45,daylight,clear,True,True,evening,False,False,0,0.21
951,urban,2,0.88,70,daylight,foggy,False,True,morning,True,False,2,0.55
952,rural,2,0.25,25,daylight,foggy,True,False,morning,True,False,2,0.19
953,highway,3,0.4,70,dim,clear,False,False,afternoon,True,False,1,0.33
954,highway,4,0.56,25,night,clear,False,True,afternoon,False,True,1,0.3
955,highway,1,0.88,45,daylight,foggy,True,False,morning,False,False,1,0.32
956,rural,3,0.79,60,night,rainy,False,True,evening,False,True,1,0.86
957,urban,2,0.62,25,daylight,rainy,True,False,morning,False,True,0,0.24
958,highway,1,0.23,25,dim,clear,True,True,evening,True,True,0,0.11
959,rural,4,0.9,35,dim,clear,True,False,afternoon,False,False,1,0.32
960,highway,4,0.55,35,dim,rainy,True,True,afternoon,True,False,1,0.2
961,rural,2,0.57,45,night,foggy,False,False,morning,True,False,0,0.47
962,highway,1,0.15,45,night,clear,True,True,morning,False,False,2,0.26
963,rural,2,0.45,60,daylight,clear,True,False,afternoon,False,True,0,0.28
964,urban,1,0.72,60,daylight,rainy,False,True,evening,True,True,1,0.47
965,rural,2,0.09,45,dim,foggy,False,False,morning,False,True,1,0.02
966,rural,3,0.05,70,daylight,clear,False,False,afternoon,True,True,0,0.28
967,urban,1,0.01,25,night,foggy,False,False,afternoon,True,False,1,0.33
968,highway,3,0.61,35,daylight,clear,True,True,evening,False,False,0,0.13
969,urban,3,0.73,60,daylight,foggy,True,True,afternoon,False,True,2,0.47
970,highway,2,0.12,60,dim,foggy,False,False,evening,False,False,1,0.3
971,highway,1,0.28,35,night,rainy,True,True,evening,False,True,1,0.39
972,highway,4,0.34,25,daylight,foggy,True,True,evening,False,False,2,0.23
973,urban,3,0.8,25,night,clear,True,False,evening,True,False,1,0.54
974,highway,4,0.74,25,night,clear,True,True,morning,False,False,0,0.42
975,urban,2,0.2,25,dim,foggy,True,True,evening,False,True,1,0.18
976,highway,3,0.53,45,daylight,foggy,True,False,evening,True,True,3,0.29
977,rural,2,0.12,35,daylight,foggy,False,True,morning,True,False,1,0.19
978,highway,3,0.76,70,dim,foggy,False,True,evening,True,False,1,0.53
979,urban,2,0.01,35,daylight,clear,True,False,morning,True,False,2,0.03
980,urban,1,0.69,45,daylight,rainy,False,True,morning,True,True,2,0.29
981,urban,4,0.7,60,dim,rainy,False,True,afternoon,False,False,0,0.43
982,highway,1,0.85,45,daylight,rainy,True,False,morning,False,True,1,0.31
983,urban,2,0.14,70,night,clear,False,False,morning,True,True,0,0.47
984,urban,4,0.83,45,night,foggy,False,False,evening,False,False,2,0.59
985,urban,1,0.63,45,night,clear,False,True,morning,True,False,2,0.36
986,rural,3,0.19,60,daylight,rainy,False,False,afternoon,True,False,0,0.29
987,highway,1,0.16,60,daylight,clear,False,False,evening,False,False,0,0.25
988,rural,4,0.19,45,dim,clear,True,False,morning,True,False,1,0.03
989,urban,4,0.69,70,daylight,clear,True,False,evening,True,False,2,0.45
990,urban,3,0.76,25,daylight,rainy,True,True,morning,True,True,0,0.32
991,rural,3,0.36,60,dim,rainy,False,True,morning,False,True,0,0.39
992,urban,2,0.68,70,night,clear,False,False,morning,True,True,0,0.61
993,urban,1,0.8,35,night,rainy,True,False,evening,True,False,0,0.48
994,highway,3,0.68,70,night,clear,True,False,evening,False,True,0,0.55
995,highway,1,0.54,35,night,foggy,False,True,afternoon,False,True,0,0.59
996,highway,2,0.19,45,dim,clear,False,False,afternoon,True,True,1,0.05
997,highway,4,0.1,70,dim,rainy,True,False,morning,True,True,2,0.35
998,rural,1,0.33,60,daylight,clear,False,False,evening,False,False,0,0.27
999,rural,2,0.19,60,daylight,foggy,False,False,evening,False,False,0,0.33
